date,avg_price,activity_count,commodity
2023-06-06,1818.0,8.0,Onion
2023-06-07,1816.125,8.0,Onion
2023-06-08,1832.0,8.0,Onion
2023-06-09,1845.25,8.0,Onion
2023-06-10,2191.6666666666665,6.0,Onion
2023-06-11,2195.0,6.0,Onion
2023-06-12,1823.75,8.0,Onion
2023-06-13,1853.75,8.0,Onion
2023-06-14,1863.75,8.0,Onion
2023-06-15,1843.75,8.0,Onion
2023-06-16,1898.5,8.0,Onion
2023-06-17,962.0,5.0,Onion
2023-06-18,2204.1666666666665,6.0,Onion
2023-06-19,1782.25,8.0,Onion
2023-06-20,1784.5,8.0,Onion
2023-06-21,1763.0,8.0,Onion
2023-06-22,1897.25,8.0,Onion
2023-06-23,1121.25,4.0,Onion
2023-06-24,2353.3333333333335,6.0,Onion
2023-06-25,2891.25,4.0,Onion
2023-06-26,1940.25,8.0,Onion
2023-06-27,2040.5,8.0,Onion
2023-06-28,1250.5714285714287,7.0,Onion
2023-06-29,1350.0,5.0,Onion
2023-06-30,1833.75,8.0,Onion
2023-07-01,1789.0,8.0,Onion
2023-07-02,2130.0,6.0,Onion
2023-07-03,1260.2857142857142,7.0,Onion
2023-07-04,1343.2857142857142,7.0,Onion
2023-07-05,1348.2857142857142,7.0,Onion
2023-07-06,1356.857142857143,7.0,Onion
2023-07-07,1341.142857142857,7.0,Onion
2023-07-08,1624.0,5.0,Onion
2023-07-09,1620.0,5.0,Onion
2023-07-10,1354.857142857143,7.0,Onion
2023-07-11,1334.2857142857142,7.0,Onion
2023-07-12,1343.0,7.0,Onion
2023-07-13,1408.5714285714287,7.0,Onion
2023-07-14,1402.0,7.0,Onion
2023-07-15,1358.5714285714287,7.0,Onion
2023-07-16,1718.0,5.0,Onion
2023-07-17,1716.0,5.0,Onion
2023-07-18,1410.0,7.0,Onion
2023-07-19,1422.857142857143,7.0,Onion
2023-07-20,1676.0,5.0,Onion
2023-07-21,1335.7142857142858,7.0,Onion
2023-07-22,1672.0,5.0,Onion
2023-07-23,1671.0,5.0,Onion
2023-07-24,1380.2857142857142,7.0,Onion
2023-07-25,1372.0,7.0,Onion
2023-07-26,1378.857142857143,7.0,Onion
2023-07-27,1368.2857142857142,7.0,Onion
2023-07-28,1408.5714285714287,7.0,Onion
2023-07-29,1688.75,4.0,Onion
2023-07-30,1588.75,4.0,Onion
2023-07-31,1373.142857142857,7.0,Onion
2023-08-01,2039.375,8.0,Onion
2023-08-02,2051.75,8.0,Onion
2023-08-03,1983.0,8.0,Onion
2023-08-04,1907.625,8.0,Onion
2023-08-05,1978.5714285714287,7.0,Onion
2023-08-06,2358.3333333333335,6.0,Onion
2023-08-07,1889.0,8.0,Onion
2023-08-08,1880.75,8.0,Onion
2023-08-09,2321.6666666666665,6.0,Onion
2023-08-10,2011.5,8.0,Onion
2023-08-11,2038.75,8.0,Onion
2023-08-12,2396.6666666666665,6.0,Onion
2023-08-13,2410.0,6.0,Onion
2023-08-14,1841.25,8.0,Onion
2023-08-15,2497.5,4.0,Onion
2023-08-16,1951.25,8.0,Onion
2023-08-17,2336.6666666666665,6.0,Onion
2023-08-18,1958.25,8.0,Onion
2023-08-19,2233.75,8.0,Onion
2023-08-20,2640.0,6.0,Onion
2023-08-21,2283.75,8.0,Onion
2023-08-22,2289.25,8.0,Onion
2023-08-23,2336.25,8.0,Onion
2023-08-24,2355.0,8.0,Onion
2023-08-25,2340.0,8.0,Onion
2023-08-26,2821.6666666666665,6.0,Onion
2023-08-27,2858.3333333333335,6.0,Onion
2023-08-28,2408.0,8.0,Onion
2023-08-29,1726.0,6.0,Onion
2023-08-30,2147.5,4.0,Onion
2023-08-31,1777.3333333333333,6.0,Onion
2023-09-01,2460.0,8.0,Onion
2023-09-02,2413.25,8.0,Onion
2023-09-03,2903.3333333333335,6.0,Onion
2023-09-04,2334.0,8.0,Onion
2023-09-05,2282.5,8.0,Onion
2023-09-06,2748.3333333333335,6.0,Onion
2023-09-07,2725.0,6.0,Onion
2023-09-08,2277.0,8.0,Onion
2023-09-09,2673.3333333333335,6.0,Onion
2023-09-10,2676.6666666666665,6.0,Onion
2023-09-11,2230.0,8.0,Onion
2023-09-12,2201.75,8.0,Onion
2023-09-13,2150.5,8.0,Onion
2023-09-14,2165.0,8.0,Onion
2023-09-15,1817.6666666666667,6.0,Onion
2023-09-16,2102.5,8.0,Onion
2023-09-17,2796.0,5.0,Onion
2023-09-18,2133.0,8.0,Onion
2023-09-19,2616.6666666666665,6.0,Onion
2023-09-20,2144.5,8.0,Onion
2023-09-21,2234.5,8.0,Onion
2023-09-22,1662.3333333333333,6.0,Onion
2023-09-23,2787.5,4.0,Onion
2023-09-24,1962.5,4.0,Onion
2023-09-25,1987.5,4.0,Onion
2023-09-26,2161.5,8.0,Onion
2023-09-27,2155.0,8.0,Onion
2023-09-28,2441.6666666666665,6.0,Onion
2023-09-29,2161.25,8.0,Onion
2023-09-30,1611.6666666666667,6.0,Onion
2023-10-01,2592.0,5.0,Onion
2023-10-02,2612.0,5.0,Onion
2023-10-03,2138.25,8.0,Onion
2023-10-04,2108.0,8.0,Onion
2023-10-05,2246.5,8.0,Onion
2023-10-06,2153.25,8.0,Onion
2023-10-07,2132.5,8.0,Onion
2023-10-08,2052.5,4.0,Onion
2023-10-09,2221.25,8.0,Onion
2023-10-10,2246.5,8.0,Onion
2023-10-11,2689.875,8.0,Onion
2023-10-12,2639.25,8.0,Onion
2023-10-13,2681.5,8.0,Onion
2023-10-14,3190.0,6.0,Onion
2023-10-15,3464.0,5.0,Onion
2023-10-16,2796.5,8.0,Onion
2023-10-17,2863.75,8.0,Onion
2023-10-18,2865.5,8.0,Onion
2023-10-19,2991.25,8.0,Onion
2023-10-20,3150.0,8.0,Onion
2023-10-21,3103.0,8.0,Onion
2023-10-22,4390.0,4.0,Onion
2023-10-23,4350.0,4.0,Onion
2023-10-24,3548.3333333333335,6.0,Onion
2023-10-25,3390.0,8.0,Onion
2023-10-26,3412.0,8.0,Onion
2023-10-27,3548.75,8.0,Onion
2023-10-28,4320.0,5.0,Onion
2023-10-29,4770.0,5.0,Onion
2023-10-30,3847.5,8.0,Onion
2023-10-31,3983.0,8.0,Onion
2023-11-01,4031.25,8.0,Onion
2023-11-02,4958.333333333333,6.0,Onion
2023-11-03,4370.0,8.0,Onion
2023-11-04,4921.666666666667,6.0,Onion
2023-11-05,4903.333333333333,6.0,Onion
2023-11-06,4082.5,8.0,Onion
2023-11-07,4093.75,8.0,Onion
2023-11-08,3760.5,8.0,Onion
2023-11-09,3998.0,8.0,Onion
2023-11-10,4423.333333333333,6.0,Onion
2023-11-11,4720.0,4.0,Onion
2023-11-12,4983.333333333333,3.0,Onion
2023-11-13,3883.3333333333335,3.0,Onion
2023-11-14,4853.333333333333,6.0,Onion
2023-11-15,5060.0,5.0,Onion
2023-11-16,4835.0,6.0,Onion
2023-11-17,4803.333333333333,6.0,Onion
2023-11-18,4353.0,8.0,Onion
2023-11-19,4791.666666666667,6.0,Onion
2023-11-20,4083.0,8.0,Onion
2023-11-21,3960.5,8.0,Onion
2023-11-22,3852.75,8.0,Onion
2023-11-23,4003.25,8.0,Onion
2023-11-24,4345.0,6.0,Onion
2023-11-25,4341.666666666667,6.0,Onion
2023-11-26,4717.5,4.0,Onion
2023-11-27,4276.666666666667,6.0,Onion
2023-11-28,3870.5,8.0,Onion
2023-11-29,3840.0,8.0,Onion
2023-11-30,3723.75,8.0,Onion
2023-12-01,4268.333333333333,6.0,Onion
2023-12-02,3628.0,8.0,Onion
2023-12-03,4350.0,5.0,Onion
2023-12-04,3671.25,8.0,Onion
2023-12-05,3664.25,8.0,Onion
2023-12-06,4161.666666666667,6.0,Onion
2023-12-07,3926.75,8.0,Onion
2023-12-08,3760.5,8.0,Onion
2023-12-09,4250.0,6.0,Onion
2023-12-10,4452.5,4.0,Onion
2023-12-11,3344.25,8.0,Onion
2023-12-12,3963.3333333333335,6.0,Onion
2023-12-13,2847.5,8.0,Onion
2023-12-14,2718.0,8.0,Onion
2023-12-15,2680.0,8.0,Onion
2023-12-16,2601.25,8.0,Onion
2023-12-17,3116.6666666666665,6.0,Onion
2023-12-18,2544.25,8.0,Onion
2023-12-19,2434.75,8.0,Onion
2023-12-20,2381.25,8.0,Onion
2023-12-21,2235.714285714286,7.0,Onion
2023-12-22,2270.5,8.0,Onion
2023-12-23,2755.0,6.0,Onion
2023-12-24,3366.6666666666665,3.0,Onion
2023-12-25,3300.0,3.0,Onion
2023-12-26,1663.3333333333333,6.0,Onion
2023-12-27,2304.5,8.0,Onion
2023-12-28,2252.5,8.0,Onion
2023-12-29,1871.75,8.0,Onion
2023-12-30,1812.5,8.0,Onion
2023-12-31,2175.0,6.0,Onion
2024-01-01,1765.5,8.0,Onion
2024-01-02,1761.75,8.0,Onion
2024-01-03,2024.75,8.0,Onion
2024-01-04,1875.5,8.0,Onion
2024-01-05,1928.75,8.0,Onion
2024-01-06,1838.75,8.0,Onion
2024-01-07,1753.3333333333333,3.0,Onion
2024-01-08,1855.5,8.0,Onion
2024-01-09,1876.75,8.0,Onion
2024-01-10,1966.25,8.0,Onion
2024-01-11,1967.5,8.0,Onion
2024-01-12,2016.25,8.0,Onion
2024-01-13,2341.6666666666665,6.0,Onion
2024-01-14,2251.6666666666665,6.0,Onion
2024-01-15,2280.0,6.0,Onion
2024-01-16,1941.125,8.0,Onion
2024-01-17,2253.3333333333335,6.0,Onion
2024-01-18,1910.0,8.0,Onion
2024-01-19,1904.25,8.0,Onion
2024-01-20,1401.6666666666667,6.0,Onion
2024-01-21,2517.5,4.0,Onion
2024-01-22,2116.6666666666665,6.0,Onion
2024-01-23,1730.0,8.0,Onion
2024-01-24,1792.5,8.0,Onion
2024-01-25,1836.6666666666667,6.0,Onion
2024-01-26,2090.0,6.0,Onion
2024-01-27,2045.0,6.0,Onion
2024-01-28,2048.0,5.0,Onion
2024-01-29,1446.6666666666667,6.0,Onion
2024-01-30,1624.5,8.0,Onion
2024-01-31,1610.5,8.0,Onion
2024-02-01,1623.0,8.0,Onion
2024-02-02,1556.25,8.0,Onion
2024-02-03,1564.25,8.0,Onion
2024-02-04,1904.0,5.0,Onion
2024-02-05,1551.25,8.0,Onion
2024-02-06,1576.25,8.0,Onion
2024-02-07,1555.0,8.0,Onion
2024-02-08,1637.0,8.0,Onion
2024-02-09,1565.142857142857,7.0,Onion
2024-02-10,1736.0,5.0,Onion
2024-02-11,1750.0,5.0,Onion
2024-02-12,1499.25,8.0,Onion
2024-02-13,1455.75,8.0,Onion
2024-02-14,1449.142857142857,7.0,Onion
2024-02-15,1390.5714285714287,7.0,Onion
2024-02-16,1765.0,6.0,Onion
2024-02-17,1403.4285714285713,7.0,Onion
2024-02-18,1770.0,5.0,Onion
2024-02-19,1574.25,8.0,Onion
2024-02-20,1647.75,8.0,Onion
2024-02-21,1612.5,8.0,Onion
2024-02-22,1537.0,8.0,Onion
2024-02-23,1462.857142857143,7.0,Onion
2024-02-24,1542.5,4.0,Onion
2024-02-25,1995.0,4.0,Onion
2024-02-26,1640.857142857143,7.0,Onion
2024-02-27,1742.5,8.0,Onion
2024-02-28,1356.0,6.0,Onion
2024-02-29,1678.0,8.0,Onion
2024-03-01,1642.0,8.0,Onion
2024-03-02,1570.75,8.0,Onion
2024-03-03,1916.0,5.0,Onion
2024-03-04,1598.857142857143,7.0,Onion
2024-03-05,1648.25,8.0,Onion
2024-03-06,1895.0,8.0,Onion
2024-03-07,1816.25,8.0,Onion
2024-03-08,2086.0,5.0,Onion
2024-03-09,2060.0,5.0,Onion
2024-03-10,2046.0,5.0,Onion
2024-03-11,1786.0,7.0,Onion
2024-03-12,1854.5,8.0,Onion
2024-03-13,1690.75,8.0,Onion
2024-03-14,1770.5,8.0,Onion
2024-03-15,1806.2857142857142,7.0,Onion
2024-03-16,1914.25,8.0,Onion
2024-03-17,1940.0,5.0,Onion
2024-03-18,1868.0,8.0,Onion
2024-03-19,1829.0,8.0,Onion
2024-03-20,1819.5,8.0,Onion
2024-03-21,1682.3333333333333,6.0,Onion
2024-03-22,1851.25,8.0,Onion
2024-03-23,1956.6666666666667,6.0,Onion
2024-03-24,2046.25,4.0,Onion
2024-03-25,2123.3333333333335,3.0,Onion
2024-03-26,1880.3333333333333,6.0,Onion
2024-03-27,1837.75,8.0,Onion
2024-03-28,1978.3333333333333,6.0,Onion
2024-03-29,1943.3333333333333,6.0,Onion
2024-03-30,1953.3333333333333,6.0,Onion
2024-03-31,1825.0,2.0,Onion
2024-04-01,1840.0,2.0,Onion
2024-04-02,2173.3333333333335,3.0,Onion
2024-04-03,1938.75,8.0,Onion
2024-04-04,1915.0,8.0,Onion
2024-04-05,2330.0,5.0,Onion
2024-04-06,2314.0,5.0,Onion
2024-04-07,2203.3333333333335,6.0,Onion
2024-04-08,1931.25,8.0,Onion
2024-04-09,2435.0,4.0,Onion
2024-04-10,1915.0,8.0,Onion
2024-04-11,2158.3333333333335,6.0,Onion
2024-04-12,1818.5714285714287,7.0,Onion
2024-04-13,2151.6666666666665,6.0,Onion
2024-04-14,2270.0,5.0,Onion
2024-04-15,1791.25,8.0,Onion
2024-04-16,1840.25,8.0,Onion
2024-04-17,2211.6666666666665,6.0,Onion
2024-04-18,1918.75,8.0,Onion
2024-04-19,1876.25,8.0,Onion
2024-04-20,1852.5,8.0,Onion
2024-04-21,2226.6666666666665,6.0,Onion
2024-04-22,2011.6666666666667,6.0,Onion
2024-04-23,2185.8333333333335,6.0,Onion
2024-04-24,1867.5,8.0,Onion
2024-04-25,2175.0,6.0,Onion
2024-04-26,2096.6666666666665,6.0,Onion
2024-04-27,2085.0,6.0,Onion
2024-04-28,2105.0,6.0,Onion
2024-04-29,1936.25,8.0,Onion
2024-04-30,2030.0,8.0,Onion
2024-05-01,1988.25,8.0,Onion
2024-05-02,1975.0,8.0,Onion
2024-05-03,2053.125,8.0,Onion
2024-05-04,2066.25,8.0,Onion
2024-05-05,2398.3333333333335,6.0,Onion
2024-05-06,2157.5,8.0,Onion
2024-05-07,1930.0,8.0,Onion
2024-05-08,1956.875,8.0,Onion
2024-05-09,2208.3333333333335,6.0,Onion
2024-05-10,2326.0,5.0,Onion
2024-05-11,2201.6666666666665,6.0,Onion
2024-05-12,2198.3333333333335,6.0,Onion
2024-05-13,2170.8333333333335,6.0,Onion
2024-05-14,1996.6666666666667,6.0,Onion
2024-05-15,1963.3333333333333,6.0,Onion
2024-05-16,2066.6666666666665,6.0,Onion
2024-05-17,2033.3333333333333,6.0,Onion
2024-05-18,2008.3333333333333,6.0,Onion
2024-05-19,2622.5,4.0,Onion
2024-05-20,2030.0,8.0,Onion
2024-05-21,2025.0,8.0,Onion
2024-05-22,2105.714285714286,7.0,Onion
2024-05-23,2012.5,8.0,Onion
2024-05-24,2011.25,8.0,Onion
2024-05-25,2510.0,5.0,Onion
2024-05-26,2346.6666666666665,6.0,Onion
2024-05-27,1946.25,8.0,Onion
2024-05-28,1911.25,8.0,Onion
2024-05-29,1925.625,8.0,Onion
2024-05-30,1890.0,8.0,Onion
2024-05-31,1906.25,8.0,Onion
2024-06-01,2046.25,8.0,Onion
2024-06-02,2333.3333333333335,6.0,Onion
2024-06-03,2068.75,8.0,Onion
2024-06-04,2122.5,8.0,Onion
2024-06-05,2021.25,8.0,Onion
2024-06-06,2098.75,8.0,Onion
2024-07-06,3016.25,8.0,Onion
2024-07-07,3243.3333333333335,6.0,Onion
2024-07-08,3221.25,8.0,Onion
2024-07-09,3235.0,8.0,Onion
2024-07-10,3225.0,8.0,Onion
2024-07-11,3300.0,8.0,Onion
2024-07-12,3193.75,8.0,Onion
2024-07-13,3410.0,6.0,Onion
2024-07-14,3325.0,6.0,Onion
2024-07-15,3027.5,8.0,Onion
2024-07-16,3163.3333333333335,6.0,Onion
2024-07-17,3126.6666666666665,6.0,Onion
2024-07-18,3031.4285714285716,7.0,Onion
2024-07-19,3248.0,5.0,Onion
2024-07-20,2955.0,8.0,Onion
2024-07-21,3148.3333333333335,6.0,Onion
2024-07-22,3102.5,8.0,Onion
2024-07-23,3125.0,8.0,Onion
2024-07-24,3166.25,8.0,Onion
2024-07-25,3211.25,8.0,Onion
2024-07-26,3207.5,8.0,Onion
2024-07-27,3386.6666666666665,6.0,Onion
2024-07-28,3148.3333333333335,6.0,Onion
2024-07-29,2976.5,8.0,Onion
2024-07-30,2948.75,8.0,Onion
2024-07-31,2931.25,8.0,Onion
2024-08-01,3026.25,8.0,Onion
2024-08-02,3013.75,8.0,Onion
2024-08-03,3048.75,8.0,Onion
2024-08-04,3171.6666666666665,6.0,Onion
2024-08-05,2811.6666666666665,6.0,Onion
2024-08-06,2863.3333333333335,6.0,Onion
2024-08-07,3127.5,8.0,Onion
2024-08-08,3128.5,8.0,Onion
2024-08-09,3161.6666666666665,6.0,Onion
2024-08-10,3158.3333333333335,6.0,Onion
2024-08-11,3178.3333333333335,6.0,Onion
2024-08-12,3245.0,8.0,Onion
2024-08-13,3360.0,8.0,Onion
2024-08-14,3152.0,6.0,Onion
2024-08-15,3310.0,6.0,Onion
2024-08-16,3297.75,8.0,Onion
2024-08-17,3266.25,8.0,Onion
2024-08-18,3120.0,1.0,Onion
2024-08-19,3090.0,4.0,Onion
2024-08-20,3257.5,8.0,Onion
2024-08-21,3416.6666666666665,6.0,Onion
2024-08-22,3462.5,8.0,Onion
2024-08-23,3572.5,8.0,Onion
2024-08-24,3505.0,6.0,Onion
2024-08-25,3662.5,4.0,Onion
2024-08-26,3551.6666666666665,6.0,Onion
2024-08-27,3397.5,8.0,Onion
2024-08-28,3788.75,8.0,Onion
2024-08-29,3825.0,6.0,Onion
2024-08-30,3712.5,8.0,Onion
2024-08-31,3748.75,8.0,Onion
2024-09-01,3505.0,6.0,Onion
2024-09-02,3500.0,8.0,Onion
2024-09-03,3535.0,8.0,Onion
2024-09-04,3687.75,8.0,Onion
2024-09-05,3720.0,8.0,Onion
2024-09-06,3706.25,8.0,Onion
2024-09-07,3841.6666666666665,6.0,Onion
2024-09-08,3667.5,4.0,Onion
2024-09-09,3638.0,5.0,Onion
2024-09-10,3615.714285714286,7.0,Onion
2024-09-11,3758.75,8.0,Onion
2024-09-12,3785.5,8.0,Onion
2024-09-13,3855.0,6.0,Onion
2024-09-14,3900.0,4.0,Onion
2024-09-15,3807.5,4.0,Onion
2024-09-16,3765.0,6.0,Onion
2024-09-17,3730.0,6.0,Onion
2024-09-18,3819.0,8.0,Onion
2024-09-19,3775.5,8.0,Onion
2024-09-20,3798.75,8.0,Onion
2024-09-21,3807.5,8.0,Onion
2024-09-22,3988.3333333333335,6.0,Onion
2024-09-23,4062.5,8.0,Onion
2024-09-24,4106.25,8.0,Onion
2024-09-25,4151.25,8.0,Onion
2024-09-26,4132.0,5.0,Onion
2024-09-27,4093.6666666666665,6.0,Onion
2024-09-28,4213.333333333333,6.0,Onion
2024-09-29,4040.0,5.0,Onion
2024-09-30,4100.0,8.0,Onion
2024-10-01,4118.75,8.0,Onion
2024-10-02,4291.666666666667,6.0,Onion
2024-10-03,4271.666666666667,6.0,Onion
2024-10-04,4097.5,8.0,Onion
2024-10-05,4205.0,8.0,Onion
2024-10-06,4318.333333333333,6.0,Onion
2024-10-07,4410.0,7.0,Onion
2024-10-08,4166.25,8.0,Onion
2024-10-09,4537.428571428572,7.0,Onion
2024-10-10,4492.5,8.0,Onion
2024-10-11,4701.666666666667,6.0,Onion
2024-10-12,4670.0,6.0,Onion
2024-10-13,4275.0,4.0,Onion
2024-10-14,4333.75,8.0,Onion
2024-10-15,4268.75,8.0,Onion
2024-10-16,4197.5,8.0,Onion
2024-10-17,4110.0,6.0,Onion
2024-10-18,3988.75,8.0,Onion
2024-10-19,4205.25,8.0,Onion
2024-10-20,4342.0,5.0,Onion
2024-10-21,3897.5,8.0,Onion
2024-10-22,3827.5,8.0,Onion
2024-10-23,4241.666666666667,6.0,Onion
2024-10-24,4116.25,8.0,Onion
2024-10-25,3879.25,8.0,Onion
2024-10-26,4156.666666666667,6.0,Onion
2024-10-27,4228.0,5.0,Onion
2024-10-28,4096.666666666667,6.0,Onion
2024-10-29,4126.666666666667,6.0,Onion
2024-10-30,3942.5,4.0,Onion
2024-10-31,4166.666666666667,3.0,Onion
2024-11-01,4101.666666666667,6.0,Onion
2024-11-02,4100.0,6.0,Onion
2024-11-03,4091.6666666666665,6.0,Onion
2024-11-04,3938.3333333333335,6.0,Onion
2024-11-05,3906.0,5.0,Onion
2024-11-06,4218.75,8.0,Onion
2024-11-07,4716.25,8.0,Onion
2024-11-08,4786.25,8.0,Onion
2024-11-09,4770.0,6.0,Onion
2024-11-10,4928.333333333333,6.0,Onion
2024-11-11,4590.25,8.0,Onion
2024-11-12,4563.75,8.0,Onion
2024-11-13,4556.25,8.0,Onion
2024-11-14,4508.75,8.0,Onion
2024-11-15,5157.5,4.0,Onion
2024-11-16,4717.5,4.0,Onion
2024-11-17,4695.0,4.0,Onion
2024-11-18,4302.5,8.0,Onion
2024-11-19,4276.5,8.0,Onion
2024-11-20,4335.0,8.0,Onion
2024-11-21,4252.75,8.0,Onion
2024-11-22,3677.0,6.0,Onion
2024-11-23,4500.0,5.0,Onion
2024-11-24,4474.0,5.0,Onion
2024-11-25,4014.0,8.0,Onion
2024-11-26,4060.0,8.0,Onion
2024-11-27,4208.571428571428,7.0,Onion
2024-11-28,4325.714285714285,7.0,Onion
2024-11-29,4197.5,8.0,Onion
2024-11-30,4200.0,8.0,Onion
2024-12-01,4750.0,3.0,Onion
2024-12-02,4305.0,6.0,Onion
2024-12-03,4060.0,8.0,Onion
2024-12-04,4013.75,8.0,Onion
2024-12-05,3945.25,8.0,Onion
2024-12-06,3957.75,8.0,Onion
2025-02-06,2524.285714285714,7.0,Onion
2025-02-07,2532.5,8.0,Onion
2025-02-08,2800.0,6.0,Onion
2025-02-09,2632.8571428571427,7.0,Onion
2025-02-10,2632.0,9.0,Onion
2025-02-11,2512.222222222222,9.0,Onion
2025-02-12,2615.5555555555557,9.0,Onion
2025-02-13,2622.222222222222,9.0,Onion
2025-02-14,2712.222222222222,9.0,Onion
2025-02-15,2786.6666666666665,9.0,Onion
2025-02-16,2900.0,7.0,Onion
2025-02-17,2862.222222222222,9.0,Onion
2025-02-18,2867.5,8.0,Onion
2025-02-19,2800.0,9.0,Onion
2025-02-20,2844.4444444444443,9.0,Onion
2025-02-21,3045.714285714286,7.0,Onion
2025-02-22,2955.714285714286,7.0,Onion
2025-02-23,2957.1428571428573,7.0,Onion
2025-02-24,2786.6666666666665,9.0,Onion
2025-02-25,2852.8571428571427,7.0,Onion
2025-02-26,2960.0,7.0,Onion
2025-02-27,2828.8888888888887,9.0,Onion
2025-02-28,2740.0,9.0,Onion
2025-03-01,2775.777777777778,9.0,Onion
2025-03-02,2952.8571428571427,7.0,Onion
2025-03-03,2660.0,9.0,Onion
2025-03-04,2743.3333333333335,9.0,Onion
2025-03-05,2686.6666666666665,9.0,Onion
2025-03-06,2605.5555555555557,9.0,Onion
2025-03-07,2531.1111111111113,9.0,Onion
2025-03-08,2772.8571428571427,7.0,Onion
2025-03-09,2800.0,7.0,Onion
2025-03-10,2502.222222222222,9.0,Onion
2025-03-11,2378.8888888888887,9.0,Onion
2025-03-12,2271.1111111111113,9.0,Onion
2025-03-13,2652.0,5.0,Onion
2025-03-14,2565.714285714286,7.0,Onion
2025-03-15,2123.3333333333335,9.0,Onion
2025-03-16,2585.714285714286,7.0,Onion
2025-03-17,2168.8888888888887,9.0,Onion
2025-03-18,2155.5555555555557,9.0,Onion
2025-03-19,2110.0,8.0,Onion
2025-03-20,2016.6666666666667,9.0,Onion
2025-03-21,1993.3333333333333,9.0,Onion
2025-03-22,2282.8571428571427,7.0,Onion
2025-03-23,2335.714285714286,7.0,Onion
2025-03-24,1978.5714285714287,7.0,Onion
2025-03-25,2244.285714285714,7.0,Onion
2025-03-26,1977.7777777777778,9.0,Onion
2025-03-27,2185.714285714286,7.0,Onion
2025-03-28,2162.0,5.0,Onion
2025-03-29,2266.0,5.0,Onion
2025-03-30,2252.0,5.0,Onion
2025-03-31,1954.0,5.0,Onion
2025-04-01,2195.714285714286,7.0,Onion
2025-04-02,1858.888888888889,9.0,Onion
2025-04-03,2158.5714285714284,7.0,Onion
2025-04-04,1762.857142857143,7.0,Onion
2025-04-05,2104.285714285714,7.0,Onion
2025-04-06,2090.714285714286,7.0,Onion
2025-04-07,1824.4444444444443,9.0,Onion
2025-04-08,1500.0,9.0,Onion
2025-04-09,1768.5714285714287,7.0,Onion
2025-04-10,1985.7142857142858,7.0,Onion
2025-04-11,1982.857142857143,7.0,Onion
2025-04-12,2104.0,5.0,Onion
2025-04-13,1952.0,5.0,Onion
2025-04-14,1840.0,7.0,Onion
2025-04-15,1567.7777777777778,9.0,Onion
2025-04-16,1825.7142857142858,7.0,Onion
2025-04-17,1555.5555555555557,9.0,Onion
2025-04-18,1785.7142857142858,7.0,Onion
2025-04-19,1516.888888888889,9.0,Onion
2025-04-20,1794.2857142857142,7.0,Onion
2025-04-21,1491.111111111111,9.0,Onion
2025-04-22,1485.5555555555557,9.0,Onion
2025-04-23,1775.7142857142858,7.0,Onion
2025-04-24,1443.3333333333333,9.0,Onion
2025-04-25,1445.5555555555557,9.0,Onion
2025-04-26,1680.0,7.0,Onion
2025-04-27,1674.2857142857142,7.0,Onion
2025-04-28,1413.3333333333333,9.0,Onion
2025-04-29,1662.857142857143,7.0,Onion
2025-04-30,1402.2222222222222,9.0,Onion
2025-05-01,1655.7142857142858,7.0,Onion
2025-05-02,1428.0,9.0,Onion
2025-05-03,1412.2222222222222,9.0,Onion
2025-05-04,1652.857142857143,7.0,Onion
2025-05-05,1464.2222222222222,9.0,Onion
2025-05-06,1737.142857142857,7.0,Onion
2025-05-07,1568.888888888889,9.0,Onion
2025-05-08,1534.6666666666667,9.0,Onion
2025-05-09,1550.888888888889,9.0,Onion
2025-05-10,2031.0,5.0,Onion
2025-05-11,2134.0,5.0,Onion
2025-05-12,1831.4285714285713,7.0,Onion
2025-05-13,1665.5555555555557,9.0,Onion
2025-05-14,1674.4444444444443,9.0,Onion
2025-05-15,1857.142857142857,7.0,Onion
2025-05-16,1676.111111111111,9.0,Onion
2025-05-17,1672.2222222222222,9.0,Onion
2025-05-18,1914.2857142857142,7.0,Onion
2025-05-19,1704.4444444444443,9.0,Onion
2025-05-20,1691.111111111111,9.0,Onion
2025-05-21,1655.5555555555557,9.0,Onion
2025-05-22,1637.7777777777778,9.0,Onion
2025-05-23,1611.111111111111,9.0,Onion
2025-05-24,1855.7142857142858,7.0,Onion
2025-05-25,1898.5714285714287,7.0,Onion
2025-05-26,1593.3333333333333,9.0,Onion
2025-05-27,1630.5555555555557,9.0,Onion
2025-05-28,1742.2222222222222,9.0,Onion
2025-05-29,2111.6666666666665,6.0,Onion
2025-05-30,1719.4444444444443,9.0,Onion
2025-05-31,1088.2857142857142,7.0,Onion
2025-06-01,1970.7142857142858,7.0,Onion
2025-06-02,1887.142857142857,7.0,Onion
2025-06-03,1852.5,8.0,Onion
2025-06-04,2000.0,7.0,Onion
2025-06-05,1768.0,9.0,Onion
2025-06-06,1767.2222222222222,9.0,Onion
2025-06-07,2041.4285714285713,7.0,Onion
2025-06-08,2038.5714285714287,7.0,Onion
2025-06-09,1722.6666666666667,9.0,Onion
2025-06-10,1737.7777777777778,9.0,Onion
2025-06-11,1900.0,7.0,Onion
2023-06-06,2060.0,5.0,Tomato
2023-06-07,1680.0,5.0,Tomato
2023-06-08,2098.0,5.0,Tomato
2023-06-09,2028.0,5.0,Tomato
2023-06-10,2076.0,5.0,Tomato
2023-06-11,2084.0,5.0,Tomato
2023-06-12,2504.0,5.0,Tomato
2023-06-13,1602.5,4.0,Tomato
2023-06-14,2614.0,5.0,Tomato
2023-06-15,2206.0,5.0,Tomato
2023-06-16,2276.0,5.0,Tomato
2023-06-17,1916.6666666666667,3.0,Tomato
2023-06-18,2288.0,5.0,Tomato
2023-06-19,2336.0,5.0,Tomato
2023-06-20,2406.0,5.0,Tomato
2023-06-21,2481.0,5.0,Tomato
2023-06-22,2970.0,5.0,Tomato
2023-06-23,2232.5,4.0,Tomato
2023-06-24,3331.0,5.0,Tomato
2023-06-25,3926.6666666666665,3.0,Tomato
2023-06-26,4761.0,5.0,Tomato
2023-06-27,5440.0,5.0,Tomato
2023-06-28,5354.0,5.0,Tomato
2023-06-29,5560.0,5.0,Tomato
2023-06-30,6310.0,5.0,Tomato
2023-07-01,5400.0,4.0,Tomato
2023-07-02,5670.0,4.0,Tomato
2023-07-03,5837.5,4.0,Tomato
2023-07-04,6157.5,4.0,Tomato
2023-07-05,6307.5,4.0,Tomato
2023-07-06,7180.0,5.0,Tomato
2023-07-07,7188.0,5.0,Tomato
2023-07-08,7310.0,5.0,Tomato
2023-07-09,7380.0,5.0,Tomato
2023-07-10,7470.0,5.0,Tomato
2023-07-11,6842.5,4.0,Tomato
2023-07-12,6850.0,4.0,Tomato
2023-07-13,6987.5,4.0,Tomato
2023-07-14,7020.0,4.0,Tomato
2023-07-15,7062.5,4.0,Tomato
2023-07-16,7897.5,4.0,Tomato
2023-07-17,7870.0,4.0,Tomato
2023-07-18,7922.0,5.0,Tomato
2023-07-19,7860.0,5.0,Tomato
2023-07-20,8000.0,5.0,Tomato
2023-07-21,8020.0,5.0,Tomato
2023-07-22,8090.0,5.0,Tomato
2023-07-23,8108.0,5.0,Tomato
2023-07-24,8094.0,5.0,Tomato
2023-07-25,8032.0,5.0,Tomato
2023-07-26,8156.0,5.0,Tomato
2023-07-27,8156.0,5.0,Tomato
2023-07-28,8174.0,5.0,Tomato
2023-07-29,8382.5,4.0,Tomato
2023-07-30,7800.0,4.0,Tomato
2023-07-31,7757.5,4.0,Tomato
2023-08-01,7880.0,3.0,Tomato
2023-08-02,7903.333333333333,3.0,Tomato
2023-08-03,8200.0,3.0,Tomato
2023-08-04,8126.666666666667,3.0,Tomato
2023-08-05,8000.0,3.0,Tomato
2023-08-06,7983.333333333333,3.0,Tomato
2023-08-07,8060.0,1.0,Tomato
2023-08-10,8150.0,1.0,Tomato
2023-08-11,8140.0,1.0,Tomato
2023-08-12,8120.0,1.0,Tomato
2023-08-14,7880.0,1.0,Tomato
2023-08-15,7800.0,1.0,Tomato
2023-08-16,7650.0,1.0,Tomato
2023-08-17,6720.0,1.0,Tomato
2023-08-18,6020.0,2.0,Tomato
2023-08-19,5675.0,2.0,Tomato
2023-08-20,5525.0,2.0,Tomato
2023-08-21,5380.0,2.0,Tomato
2023-08-22,4940.0,2.0,Tomato
2023-08-23,4670.0,2.0,Tomato
2023-08-24,4500.0,2.0,Tomato
2023-08-25,3930.0,2.0,Tomato
2023-08-26,3825.0,2.0,Tomato
2023-08-27,3660.0,2.0,Tomato
2023-08-28,3380.0,2.0,Tomato
2023-08-29,3190.0,2.0,Tomato
2023-08-30,3170.0,2.0,Tomato
2023-08-31,3030.0,2.0,Tomato
2023-09-01,2975.0,2.0,Tomato
2023-09-02,2920.0,2.0,Tomato
2023-09-03,2845.0,2.0,Tomato
2023-09-04,2775.0,2.0,Tomato
2023-09-05,2720.0,2.0,Tomato
2023-09-06,2630.0,2.0,Tomato
2023-09-07,2415.0,2.0,Tomato
2023-09-08,2310.0,2.0,Tomato
2023-09-09,2300.0,2.0,Tomato
2023-09-10,2275.0,2.0,Tomato
2023-09-11,2255.0,2.0,Tomato
2023-09-12,2180.0,2.0,Tomato
2023-09-13,2100.0,2.0,Tomato
2023-09-14,2015.0,2.0,Tomato
2023-09-15,1950.0,2.0,Tomato
2023-09-16,1860.0,2.0,Tomato
2023-09-17,1700.0,1.0,Tomato
2023-09-18,1850.0,2.0,Tomato
2023-09-19,1640.0,2.0,Tomato
2023-09-20,1540.0,2.0,Tomato
2023-09-21,1510.0,2.0,Tomato
2023-09-22,1540.0,2.0,Tomato
2023-09-23,1440.0,2.0,Tomato
2023-09-24,1425.0,2.0,Tomato
2023-09-25,1510.0,2.0,Tomato
2023-09-26,1425.0,2.0,Tomato
2023-09-27,1360.0,2.0,Tomato
2023-09-28,1325.0,2.0,Tomato
2023-09-29,1345.0,2.0,Tomato
2023-09-30,1325.0,2.0,Tomato
2023-10-01,1200.0,1.0,Tomato
2023-10-02,1360.0,1.0,Tomato
2023-10-03,1275.0,2.0,Tomato
2023-10-04,1280.0,2.0,Tomato
2023-10-05,1265.0,2.0,Tomato
2023-10-06,1230.0,2.0,Tomato
2023-10-07,1265.0,2.0,Tomato
2023-10-08,1285.0,2.0,Tomato
2023-10-09,1250.0,2.0,Tomato
2023-10-10,1275.0,2.0,Tomato
2023-10-11,1250.0,2.0,Tomato
2023-10-12,1235.0,2.0,Tomato
2023-10-13,1220.0,2.0,Tomato
2023-10-14,1240.0,2.0,Tomato
2023-10-15,1220.0,1.0,Tomato
2023-10-16,1200.0,2.0,Tomato
2023-10-17,1220.0,2.0,Tomato
2023-10-18,1240.0,2.0,Tomato
2023-10-19,1235.0,2.0,Tomato
2023-10-20,1200.0,2.0,Tomato
2023-10-21,1220.0,2.0,Tomato
2023-10-22,1225.0,2.0,Tomato
2023-10-23,1255.0,2.0,Tomato
2023-10-24,1235.0,2.0,Tomato
2023-10-25,1235.0,2.0,Tomato
2023-10-26,1260.0,2.0,Tomato
2023-10-27,1330.0,2.0,Tomato
2023-10-28,1400.0,1.0,Tomato
2023-10-29,1500.0,1.0,Tomato
2023-10-30,1425.0,2.0,Tomato
2023-10-31,2295.0,2.0,Tomato
2023-11-01,1550.0,2.0,Tomato
2023-11-02,1600.0,2.0,Tomato
2023-11-03,1590.0,2.0,Tomato
2023-11-04,1590.0,2.0,Tomato
2023-11-05,1595.0,2.0,Tomato
2023-11-06,1605.0,2.0,Tomato
